id	tgt_text
audio_0_93	▁so ▁th is ▁i s ▁the ▁su m m a ry
audio_0_66	▁so ▁it ▁wi ll ▁be ▁w 1 ▁x i ▁trans pose ▁r 2 ▁m inu s ▁y ▁i ▁x i ▁trans pose ▁r 3
audio_0_63	▁so ▁y ou ▁see ▁th at ▁th is ▁i s ▁equat ed ▁wi th ▁th is ▁equation ▁a nd ▁wh i ch ▁a re ▁unknown ▁h ere ▁h ere ▁unknown ▁i s ▁r 2 ▁a nd ▁r 3
audio_0_79	▁so ▁i f ▁i ▁multipl y ▁the ▁fi rst ▁equation ▁wi th ▁x ▁i ▁a nd ▁the n ▁ad d ▁it ▁u h ▁a nd ▁al so ▁multipl y ▁the ▁s ec ond ▁equation ▁wi th ▁y ▁i ▁so ▁y ou ▁multipl y ▁the ▁fi rst ▁equation ▁th is ▁equation ▁wi th ▁x ▁i ▁th at ▁i s ▁wh at ▁i s ▁to ld ▁h ere ▁a nd ▁th is ▁equation ▁wi th ▁y i ▁a nd ▁the n ▁i f ▁y ou ▁ad d ▁the m ▁y ou ▁wi ll ▁ge t ▁the ▁thi rd ▁equation ▁a ga in ▁wh i ch ▁i s ▁multipl i ed ▁b y ▁w ▁y ou ▁can ▁ ch ec k ▁th at ▁th ing ▁so ▁wh i ch ▁me ans ▁the se ▁equation ▁can ▁be ▁ der ive d ▁f ro m ▁the se ▁t wo ▁equations ▁so ▁wh i ch ▁me ans ▁th at ▁the re ▁a re ▁on l y ▁t wo ▁independent ▁equations ▁o ther ▁equation ▁can ▁be ▁ der ive d ▁so ▁th at ▁i s ▁wh y ▁in ▁the ▁ pre v i ou s ▁ca se ▁i ▁me n tion ed ▁th at ▁the re ▁a re ▁t wo ▁independent ▁equations ▁th at ▁w ou ld ▁be ▁formed ▁b y ▁u sing ▁its ▁ one ▁ sing le ▁point ▁correspondences ▁s p ec i f ic ation
audio_0_25	▁so ▁fi rst ▁th ing ▁a s ▁i ▁me n tion ed ▁the ▁inter pre t ation ▁o f ▁the ▁projecti on ▁matrix ▁i s ▁th at ▁i f ▁i ▁multipl y ▁it ▁wi th ▁the ▁th re e ▁dimension al ▁coordinate ▁point ▁y ou ▁wi ll ▁ge t ▁the ▁t wo ▁dimension al ▁ ima ge ▁point ▁a nd ▁the ▁ ra n k ▁o f ▁th is ▁p o s i tion ▁matrix ▁i s ▁th re e ▁its ▁a ▁th re e ▁c ro s s ▁f ou r ▁matrix ▁its ▁si z e ▁i s ▁th re e ▁c ro s s ▁f ou r ▁a nd ▁the ▁n um b er ▁o f ▁independent ▁par ame ter s ▁in ▁the ▁projecti on ▁matrix ▁i s ▁11
audio_0_72	▁so ▁it ▁wi ll ▁be ▁w 1 ▁x i ▁trans pose ▁r 2 ▁m inu s ▁y ▁i ▁x i ▁trans pose ▁r 3
audio_0_19	▁th is ▁i s ▁al so ▁inter e st ing ▁to ▁not e ▁th at ▁th is ▁ca li b ration ▁matrix ▁i s ▁al so ▁an ▁ upp er ▁ tri a ng u lar ▁matrix ▁a nd ▁si nce ▁the ▁relationship ▁be t w e en ▁the ▁ ima ge ▁coordinate ▁point ▁a nd ▁the ▁correspond ing ▁c ame ra ▁cent r ic ▁coordinate ▁s y st em ▁i s ▁in ▁th is ▁form
audio_0_92	▁a nd ▁ ea ch ▁ one ▁ ea ch ▁r ow ▁i s ▁multipl i ed ▁b y ▁th is ▁no ▁th is ▁element s ▁o f ▁the ▁projecti on ▁matrix ▁wh i ch ▁a re ▁represent ed ▁b y ▁the i r ▁r ow ▁vector s ▁r 1 ▁r 2 ▁r 3 ▁wh i ch ▁i s ▁al so ▁o f ▁dimension ▁1 2 ▁c ro s s ▁1 ▁a nd ▁ ea ch ▁ one ▁ ea ch ▁point ▁correspondence ▁wi ll ▁give ▁y ou ▁t wo ▁equations ▁so ▁fi n all y ▁the re ▁w ou ld ▁be ▁th is ▁w ou ld ▁be ▁ 2 n ▁c ro s s ▁1 ▁so ▁th is ▁i s ▁a ▁ 0 ▁vector
audio_0_15	▁an o ther ▁represent ation ▁i f ▁i ▁t a k e ▁m ▁out s i d e ▁the n ▁i ▁can ▁c on s i der ▁th is ▁i s ▁an ▁i d ent i t y ▁matrix ▁wh i ch ▁i s ▁a ▁ k i nd ▁o f ▁can on ic al ▁form ▁o f ▁represent ation ▁o f ▁projecti on ▁matrix ▁i f ▁y ou ▁ re m em b er ▁th at ▁i s ▁the ▁i d ent i t y ▁par t ▁o f ▁the ▁su b ▁matrix ▁a nd ▁th is ▁i s ▁no th ing ▁b ut ▁the ▁n e g ation ▁o f ▁the ▁cent er ▁th at ▁me ans ▁the ▁th is ▁m ▁in ve r se ▁p 4 ▁give s ▁y ou ▁the ▁c ame ra ▁cent er ▁n e g ation ▁o f ▁the ▁c ame ra ▁cent er ▁so ▁th is ▁i s ▁wh at ▁we ▁can ▁al so ▁a s ▁we ll ▁represent ▁th is ▁element ▁a s ▁m inu s ▁c ▁t i ld a ▁a nd ▁m ▁its e l f ▁can ▁be ▁de compo s ed ▁in t o ▁t wo ▁th re e ▁c ro s s ▁th re e ▁matrix ▁it ▁ha s ▁a ▁ compo n ent ▁ca li b ration ▁matrix ▁the ▁o ther ▁ compo n ent ▁i s ▁a ▁rotation ▁matrix ▁so ▁the se ▁a re ▁ d i f f er ent ▁w a y s ▁th is ▁projecti on ▁matrices ▁projecti on ▁the ▁matrix ▁can ▁be ▁y ou ▁ k n ow ▁represent ed ▁a nd ▁it ▁c ou ld ▁be ▁u nd e rst o o d ▁a ll ▁in ▁th is ▁form
audio_0_10	▁it ▁i s ▁the y ▁a re ▁involve d ▁wi th ▁the ▁ re s olu tion s ▁al on g ▁x ▁direction s ▁a nd ▁y ▁direction
audio_0_68	▁i f ▁i ▁not e ▁the ▁dimension ▁see ▁ ea ch ▁ one ▁i s ▁a ▁1 ▁c ro s s ▁3
audio_0_37	▁b ut ▁the o re t ic all y ▁i ▁can ▁exp re s s ▁an ▁ ima ge ▁coordinate ▁in ▁the ▁u sing ▁the ▁sc ale ▁f a ct o r ▁in ▁the ▁projecti ve ▁space
audio_0_16	▁so ▁ one ▁o f ▁the ▁represent ation ▁i s ▁th at ▁it ▁c ou ld ▁be ▁t wo ▁su b ▁matrices
audio_0_67	▁so ▁th is ▁i s ▁a ▁c olu m n ▁vector ▁th at ▁we ▁wi ll ▁ge t ▁f ro m ▁th is ▁o per ation
audio_0_82	▁fi n all y ▁a s ▁y ou ▁can ▁see ▁i ▁ha ve ▁ e li m in at ed ▁the ▁thi rd ▁r ow ▁ just ▁to ▁sho w ▁th at ▁the re ▁a re ▁on l y ▁t wo ▁equations ▁wh i ch ▁a re ▁formed ▁b y ▁u sing ▁a ▁ sing le ▁point ▁correspondence
audio_0_90	▁so ▁y ou ▁wi ll ▁ge t ▁the ▁equations ▁in ▁th is ▁form
audio_0_18	▁so ▁th is ▁i s ▁wh at ▁i ▁me n tion ed ▁m ▁i s ▁the ▁pro d u ct ▁o f ▁ k ▁a nd ▁r ▁a nd ▁p 4 ▁i s ▁the ▁l a st ▁c olu m n ▁o f ▁the ▁projecti on ▁matrix ▁p
audio_0_86	▁so ▁i f ▁i ▁ha ve ▁n ▁su ch ▁point s ▁n ▁point ▁correspondences ▁ ea ch ▁ one ▁wi ll ▁give ▁me ▁t wo ▁equations
audio_0_55	▁so ▁th is ▁i s ▁a ▁c olu m n ▁vector ▁th at ▁we ▁wi ll ▁ge t ▁f ro m ▁th is ▁o per ation
audio_0_38	▁so ▁i f ▁i ▁a pp l y ▁the ▁projecti on ▁matrix ▁i f ▁i ▁multipl y ▁an ▁ ima ge ▁coordinate ▁point ▁wi th ▁th is ▁projecti on ▁matrix ▁i ▁wi ll ▁ge t ▁a ▁point ▁in ▁the ▁t wo ▁dimension al ▁projecti ve ▁space ▁a nd ▁th at ▁i s ▁h ow ▁in ▁th is ▁form
audio_0_57	▁so ▁it ▁wi ll ▁be ▁w 1 ▁x i ▁trans pose ▁r 2 ▁m inu s ▁y ▁i ▁x i ▁trans pose ▁r 3
audio_0_31	▁so ▁si nce ▁the re ▁a re ▁t wo ▁independent ▁equations ▁th at ▁me ans ▁i f ▁i ▁give ▁y ou ▁c er ta in ▁point ▁correspondences ▁su pp ose ▁the ▁pro b le m ▁h ere ▁i s ▁th at ▁i ▁give ▁y ou ▁the ▁sc en e ▁point s ▁s a y ▁x 1 ▁a nd ▁al so ▁its ▁correspond ing ▁no ▁ ima ge ▁point ▁s m all ▁x 1 ▁i f ▁it ▁i s ▁give n ▁to ▁y ou ▁the n ▁i ▁can ▁a pp l y ▁the se ▁equations ▁i ▁wi ll ▁ge t ▁t wo ▁equations ▁b ut ▁h ow ▁ma n y ▁unknown s ▁a re ▁the re ▁a s ▁i ▁me n tion ed ▁in ▁the ▁projecti on ▁matrix ▁the re ▁a re ▁11 ▁unknown s ▁so ▁i ▁sho u ld ▁ge t ▁ at ▁l ea st ▁11 ▁equations ▁to ▁so l ve ▁for ▁a ll ▁the ▁unknown s ▁b ut ▁si nce ▁ one ▁point ▁correspondence ▁give s ▁me ▁t wo ▁equations ▁so ▁i ▁r equi re ▁ at ▁l ea st ▁s ix ▁su ch ▁point ▁correspondences ▁i ▁r equi re ▁ at ▁l ea st ▁s ix ▁su ch ▁point ▁correspondences ▁to ▁form ▁no ▁equations ▁a nd ▁f ro m ▁the re ▁i ▁can ▁est ima te ▁the ▁projecti on ▁matrix
audio_0_78	▁so ▁i f ▁i ▁multipl y ▁the ▁fi rst ▁equation ▁wi th ▁x ▁i ▁a nd ▁the n ▁ad d ▁it ▁u h ▁a nd ▁al so ▁multipl y ▁the ▁s ec ond ▁equation ▁wi th ▁y ▁i ▁so ▁y ou ▁multipl y ▁the ▁fi rst ▁equation ▁th is ▁equation ▁wi th ▁x ▁i ▁th at ▁i s ▁wh at ▁i s ▁to ld ▁h ere ▁a nd ▁th is ▁equation ▁wi th ▁y i ▁a nd ▁the n ▁i f ▁y ou ▁ad d ▁the m ▁y ou ▁wi ll ▁ge t ▁the ▁thi rd ▁equation ▁a ga in ▁wh i ch ▁i s ▁multipl i ed ▁b y ▁w ▁y ou ▁can ▁ ch ec k ▁th at ▁th ing ▁so ▁wh i ch ▁me ans ▁the se ▁equation ▁can ▁be ▁ der ive d ▁f ro m ▁the se ▁t wo ▁equations ▁so ▁wh i ch ▁me ans ▁th at ▁the re ▁a re ▁on l y ▁t wo ▁independent ▁equations ▁o ther ▁equation ▁can ▁be ▁ der ive d ▁so ▁th at ▁i s ▁wh y ▁in ▁the ▁ pre v i ou s ▁ca se ▁i ▁me n tion ed ▁th at ▁the re ▁a re ▁t wo ▁independent ▁equations ▁th at ▁w ou ld ▁be ▁formed ▁b y ▁u sing ▁its ▁ one ▁ sing le ▁point ▁correspondences ▁s p ec i f ic ation
audio_0_96	▁so ▁the re ▁a re ▁a ct u all y ▁ 2 n ▁n um b er ▁o f ▁l in ea r ▁equations ▁wh en ▁y ou ▁ge t ▁n ▁point ▁correspondences
audio_0_69	▁so ▁it ▁wi ll ▁be ▁w 1 ▁x i ▁trans pose ▁r 2 ▁m inu s ▁y ▁i ▁x i ▁trans pose ▁r 3
audio_0_2	▁so ▁the re ▁i s ▁a ▁projecti on ▁matrix ▁wh i ch ▁ma p s ▁a ▁th re e ▁dimension al ▁coordinate ▁point ▁to ▁a ▁t wo ▁dimension al ▁ ima ge ▁point ▁a nd ▁in ▁the ▁projecti ve ▁space ▁we ▁can ▁represent ▁the m ▁a s ▁in ▁th is ▁form
audio_0_76	▁so ▁n ow ▁y ou ▁see ▁th at ▁the re ▁a re ▁a ct u all y ▁th re e ▁equations ▁wh at ▁y ou ▁ge t ▁b ut ▁out ▁o f ▁the m ▁the re ▁a re ▁t wo ▁equations ▁wh i ch ▁a re ▁independent
audio_0_74	▁si m i lar l y ▁the ▁s ec ond ▁equation ▁a nd ▁thi rd ▁equation ▁can ▁be ▁formed
audio_0_29	▁so ▁si nce ▁the re ▁a re ▁t wo ▁independent ▁equations ▁th at ▁me ans ▁i f ▁i ▁give ▁y ou ▁c er ta in ▁point ▁correspondences ▁su pp ose ▁the ▁pro b le m ▁h ere ▁i s ▁th at ▁i ▁give ▁y ou ▁the ▁sc en e ▁point s ▁s a y ▁x 1 ▁a nd ▁al so ▁its ▁correspond ing ▁no ▁ ima ge ▁point ▁s m all ▁x 1 ▁i f ▁it ▁i s ▁give n ▁to ▁y ou ▁the n ▁i ▁can ▁a pp l y ▁the se ▁equations ▁i ▁wi ll ▁ge t ▁t wo ▁equations ▁b ut ▁h ow ▁ma n y ▁unknown s ▁a re ▁the re ▁a s ▁i ▁me n tion ed ▁in ▁the ▁projecti on ▁matrix ▁the re ▁a re ▁11 ▁unknown s ▁so ▁i ▁sho u ld ▁ge t ▁ at ▁l ea st ▁11 ▁equations ▁to ▁so l ve ▁for ▁a ll ▁the ▁unknown s ▁b ut ▁si nce ▁ one ▁point ▁correspondence ▁give s ▁me ▁t wo ▁equations ▁so ▁i ▁r equi re ▁ at ▁l ea st ▁s ix ▁su ch ▁point ▁correspondences ▁i ▁r equi re ▁ at ▁l ea st ▁s ix ▁su ch ▁point ▁correspondences ▁to ▁form ▁no ▁equations ▁a nd ▁f ro m ▁the re ▁i ▁can ▁est ima te ▁the ▁projecti on ▁matrix
audio_0_65	▁so ▁y ou ▁see ▁th at ▁th is ▁i s ▁equat ed ▁wi th ▁th is ▁equation ▁a nd ▁wh i ch ▁a re ▁unknown ▁h ere ▁h ere ▁unknown ▁i s ▁r 2 ▁a nd ▁r 3
audio_0_85	▁fi n all y ▁a s ▁y ou ▁can ▁see ▁i ▁ha ve ▁ e li m in at ed ▁the ▁thi rd ▁r ow ▁ just ▁to ▁sho w ▁th at ▁the re ▁a re ▁on l y ▁t wo ▁equations ▁wh i ch ▁a re ▁formed ▁b y ▁u sing ▁a ▁ sing le ▁point ▁correspondence
audio_0_12	▁so ▁a s ▁we ▁ha ve ▁discuss ed ▁th at ▁projecti on ▁matrix ▁can ▁be ▁represent ed ▁in ▁ d i f f er ent ▁w a y s
audio_0_35	▁so ▁y ou ▁not e ▁h ere ▁th at ▁a ▁point ▁in ▁the ▁ ima ge ▁coordinate ▁i s ▁give n ▁in ▁a ▁ ve ry ▁ge n er al ▁form ▁a s ▁x ▁y ▁i ▁w ▁i ▁trans pose ▁b ec a u se ▁it ▁i s ▁de n o t ing ▁a ▁c olu m n ▁vector
audio_0_28	▁so ▁we ▁wi ll ▁see ▁h ow ▁th ose ▁equations ▁can ▁be ▁w ri t t en ▁in ▁the ▁n e x t ▁s li d e s
audio_0_51	▁so ▁th is ▁i s ▁a ▁c olu m n ▁vector ▁th at ▁we ▁wi ll ▁ge t ▁f ro m ▁th is ▁o per ation
audio_0_95	▁so ▁th is ▁i s ▁the ▁inter pre t ation ▁o f ▁th is ▁matrix ▁represent ation ▁o f ▁the ▁l in ea r ▁equations ▁in ▁the ▁matrix ▁form
audio_0_41	▁so ▁th ose ▁a re ▁equat ed ▁in ▁ ter m s ▁o f ▁the ▁a f ter ▁the ▁sc ale ▁ad just m ent ▁th ose ▁coordinate s ▁a re ▁the i r ▁ equi v ale nce ▁i s ▁est a b l is h ed
audio_0_26	▁so ▁out ▁o f ▁wh i ch ▁n um b er ▁o f ▁ e x tri n s ic ▁par ame ter s ▁th at ▁i s ▁ 6 ▁th at ▁we ▁ha ve ▁discuss ed ▁3 ▁rotation ▁3 ▁par ame ter s ▁th at ▁involve ▁th ose ▁a re ▁involve d ▁in ▁form ing ▁rotation ▁matrix ▁th at ▁me ans ▁th re e ▁rotation s ▁o f ▁a c c e s s ▁a nd ▁th re e ▁par ame ter s ▁for ▁trans l ation ▁o f ▁o ri g in ▁a nd ▁n um b er ▁o f ▁in tri n s ic ▁par ame ter s ▁th at ▁i s ▁fi ve ▁a s ▁we ▁ha ve ▁al re a d y ▁see n ▁the ▁the ▁ca li b ration ▁matrix ▁its ▁an ▁ upp er ▁ tri a ng u lar ▁matrix ▁a nd ▁the re ▁a re ▁fi ve ▁independent ▁par ame ter s ▁a nd ▁wh en ▁we ▁we ▁exp re s s ▁th is ▁relationship ▁wh en ▁we ▁exp a nd ▁the se ▁relationship s ▁in ▁ ter m s ▁o f ▁coordinate s ▁i nd i v i d u al ▁coordinate s ▁we ▁wi ll ▁ge t ▁a ct u all y ▁t wo ▁independent ▁equations
audio_0_0	▁we ▁wi ll ▁c on t inu e ▁ ou r ▁discuss i on ▁on ▁c ame ra ▁ge o m e t ry
audio_0_98	▁so ▁the ▁s ta nd a rd ▁t e ch n i q u e ▁i s ▁th at ▁we ▁n e ed ▁to ▁m in i m i z e ▁th is ▁o b j ec t ive ▁f u n c tion ▁give n ▁the ▁it ▁i s ▁a ▁no r m ▁o f ▁a ▁p ▁a ▁i s ▁th is ▁correspond ing ▁matrix ▁a ▁i s ▁the ▁s ame ▁matrix ▁wh i ch ▁i s ▁ der ive d ▁f ro m ▁the ▁point ▁correspondences ▁a nd ▁p ▁i s ▁y ou r ▁s olu tion ▁th at ▁me ans ▁the ▁element s ▁o f ▁the ▁projecti on ▁matrix ▁wh i ch ▁i s ▁represent ed ▁in ▁the ▁form ▁o f ▁th is ▁th at ▁me ans ▁a ll ▁r ow ▁vector s ▁a re ▁c on c at en at ed ▁ one ▁b y ▁ one ▁f ro m ▁the ▁s ta r t ing ▁f ro m ▁its ▁fi rst ▁r ow ▁to ▁thi rd ▁r ow ▁a nd ▁th at ▁give s ▁a ▁1 2 ▁dimension al ▁vector ▁so ▁we ▁ha ve ▁to ▁m in i m i z e ▁th is ▁no r m ▁a nd ▁si nce ▁no ▁th is ▁s olu tion ▁i s ▁in ▁the ▁projecti ve ▁space ▁a nd ▁i f ▁i ▁t a k e ▁a ▁sc al ed ▁vector ▁al so ▁it ▁i s ▁al so ▁the ▁s olu tion
audio_0_36	▁y ou ▁not e ▁h ere ▁th at ▁n ow ▁we ▁ha ve ▁u s ed ▁the ▁sc ale ▁f a ct o r ▁w ▁i ▁h ere ▁so ▁wh i ch ▁me ans ▁th at ▁th is ▁x y ▁i s ▁not ▁ e x a ct l y ▁the ▁o b s er ve d ▁ ima ge ▁coordinate ▁b ec a u se ▁the re ▁the ▁sc ale ▁f a ct o r ▁ha s ▁to ▁be ▁ one
audio_0_61	▁so ▁ le t ▁me ▁c on t inu e ▁th is ▁o per ation ▁f u r ther
audio_0_11	▁al p h a ▁x ▁i s ▁ e q u al ▁to ▁f ▁in t o ▁m x ▁wh ere ▁f ▁i s ▁the ▁f o c al ▁ le ng th ▁a nd ▁m x ▁i s ▁the ▁n um b er ▁o f ▁p ix e l s ▁al on g ▁h o ri z on t al ▁direction ▁a nd ▁al p h a ▁y ▁ e q u al ▁to ▁f ▁in t o ▁m ▁y ▁wh ere ▁m ▁y ▁i s ▁the ▁n um b er ▁o f ▁p ix e l s ▁al on g ▁ ve r t ic al ▁direction s ▁a nd ▁f ▁i s ▁f o c al ▁ le ng th ▁so ▁so ▁th is ▁i s ▁wh at ▁we ▁discuss ed ▁in ▁the ▁ pre v i ou s ▁l ec t u re ▁al so ▁y ou ▁sho u ld ▁not e ▁the re ▁a re ▁ d i f f er ent ▁w a y s ▁o f ▁not ation s ▁b y ▁wh i ch ▁we ▁wi ll ▁ re f er ▁th is ▁projecti on ▁matrix
audio_0_27	▁so ▁n ow ▁y ou ▁see ▁th at ▁the re ▁a re ▁a ct u all y ▁th re e ▁equations ▁wh at ▁y ou ▁ge t ▁b ut ▁out ▁o f ▁the m ▁the re ▁a re ▁t wo ▁equations ▁wh i ch ▁a re ▁independent
audio_0_4	▁so ▁we ▁can ▁s a y ▁th at ▁the re ▁i s ▁a ▁th re e ▁dimension al ▁point ▁x ▁a nd ▁i f ▁i ▁multipl y ▁wi th ▁the ▁projecti on ▁matrix ▁the n ▁we ▁wi ll ▁ge t ▁a ▁t wo ▁dimension al ▁ ima ge ▁point ▁a nd ▁in ▁the ▁h o m o ge n e ou s ▁coordinate ▁s y st em ▁th is ▁i s ▁a ▁th re e ▁vector ▁a nd ▁th is ▁ one ▁i s ▁a ▁f ou r ▁vector
audio_0_32	▁so ▁in ▁th is ▁w a y ▁y ou ▁r equi re ▁s ix ▁su ch ▁point ▁correspondences ▁a nd ▁y ou ▁can ▁form ▁1 2 ▁equations ▁independent ▁equations ▁a nd ▁u se ▁it ▁to ▁ der ive ▁the ▁est ima te ▁the se ▁par ame ter s ▁o f ▁the ▁projecti on ▁matrix
audio_0_62	▁so ▁it ▁wi ll ▁be ▁w 1 ▁x i ▁trans pose ▁r 2 ▁m inu s ▁y ▁i ▁x i ▁trans pose ▁r 3
audio_0_70	▁so ▁th is ▁i s ▁a ▁c olu m n ▁vector ▁th at ▁we ▁wi ll ▁ge t ▁f ro m ▁th is ▁o per ation
audio_0_64	▁so ▁the se ▁a re ▁the ▁unknown ▁ q u a n t i t y ▁b ec a u se ▁th ose ▁a re ▁ g o ing ▁to ▁be ▁est ima t ed
audio_0_44	▁so ▁i f ▁i ▁t a k e ▁the ▁c ro s s ▁pro d u ct ▁o f ▁the se ▁t wo ▁vector s ▁a nd ▁the n ▁form ▁the ▁equation ▁b ec a u se ▁we ▁ k n ow ▁the ▁c ro s s ▁pro d u ct ▁o f ▁t wo ▁par all e l ▁vector ▁i s ▁a ▁ z e ro ▁vector
audio_0_40	▁so ▁we ▁can n o t ▁si m p l y ▁equat e ▁the ▁sc ale s ▁o f ▁th is ▁a nd ▁th is
audio_0_23	▁so ▁th is ▁i s ▁the ▁su m m a ry
audio_0_81	▁so ▁n ow ▁y ou ▁see ▁th at ▁the re ▁a re ▁a ct u all y ▁th re e ▁equations ▁wh at ▁y ou ▁ge t ▁b ut ▁out ▁o f ▁the m ▁the re ▁a re ▁t wo ▁equations ▁wh i ch ▁a re ▁independent
audio_0_39	▁so ▁the ▁pro b le m ▁h ere ▁i s ▁th at ▁i f ▁i ▁a pp l y ▁si m p le ▁equation ▁the n ▁b ec a u se ▁o f ▁the ▁sc ale ▁f a ct o r ▁th at ▁ e q u al i t y ▁wi ll ▁not ▁th at ▁equation ▁wi ll ▁be ▁ d i f f ic u l t ▁to ▁w ri te
audio_0_14	▁so ▁ one ▁o f ▁the ▁represent ation ▁i s ▁th at ▁it ▁c ou ld ▁be ▁t wo ▁su b ▁matrices
audio_0_47	▁so ▁we ▁wi ll ▁ per f o r m ▁th is ▁c ro s s ▁pro d u ct ▁a nd ▁i f ▁we ▁ per f o r m ▁th is ▁c ro s s ▁pro d u ct ▁the n ▁we ▁can ▁w ri te ▁th is ▁no ▁we ▁can ▁ der ive ▁th is ▁equations ▁so ▁ le t ▁me ▁fi nd ▁out ▁ le t ▁me ▁see ▁th at ▁h ow ▁th is ▁represent ation ▁i s ▁p o s s i b le ▁so ▁ le t ▁u s ▁c on s i der ▁a ▁represent ation ▁o f ▁the ▁projecti on ▁matrix ▁in ▁th is ▁form ▁wh i ch ▁me ans ▁i ▁wi ll ▁be ▁c on s i der ing ▁in ▁n ow ▁i ▁wi ll ▁be ▁c on s i der ing ▁the ▁r ow ▁vector s ▁in st ea d ▁o f ▁c olu m n ▁vector ▁represent ation s ▁a nd ▁b ec a u se ▁the re ▁a re ▁th re e ▁r ow s ▁so ▁we ▁ha ve ▁h ere ▁see ▁fi rst ▁r ow ▁i s ▁represent ed ▁b y ▁r 1 ▁s ec ond ▁r ow ▁i s ▁represent ed ▁b y ▁r 2 ▁a nd ▁thi rd ▁r ow ▁i s ▁represent ed ▁b y ▁r 3 ▁i ▁ha ve ▁a pp li ed ▁i ▁ha ve ▁u s ed ▁the ▁trans pose ▁o per ation s ▁ just ▁to ▁de n o te ▁th at ▁in ▁m y ▁a ct u al ▁represent ation ▁the se ▁a re ▁a ll ▁c olu m n ▁vector s ▁b ut ▁si nce ▁the y ▁a re ▁r ow s ▁so ▁i ▁ha ve ▁to ▁a pp l y ▁trans pose ▁to ▁th ose ▁c olu m n ▁vector s
audio_0_94	▁so ▁th is ▁i s ▁a ▁c olu m n ▁vector ▁th at ▁we ▁wi ll ▁ge t ▁f ro m ▁th is ▁o per ation
audio_0_43	▁so ▁in st ea d ▁o f ▁th at ▁we ▁can ▁c on s i der ▁the m ▁a s ▁vector s ▁a nd ▁the se ▁vector s ▁so ▁the i r ▁direction s ▁a re ▁to ▁be ▁s ame ▁b ec a u se ▁y ou ▁ k n ow ▁th at ▁the ▁pro p o r tion at e ▁sc al ing ▁ d o e s ▁not ▁ ch a n ge ▁the ▁direction ▁o f ▁a ▁vector ▁so ▁i f ▁i ▁c on s i der ▁si nce ▁the y re ▁ equi v al ent ▁the y re ▁ e q u al ▁so ▁i f ▁i ▁i f ▁so ▁in ▁th at ▁ca se ▁the ▁inter pre t ation ▁i s ▁th at ▁th ose ▁vector s ▁the y ▁a re ▁par all e l ▁vector s ▁the y ▁sho u ld ▁ha ve ▁s ame ▁direction s
audio_0_3	▁so ▁a s ▁we ▁ha ve ▁discuss ed ▁th at ▁projecti on ▁matrix ▁can ▁be ▁represent ed ▁in ▁ d i f f er ent ▁w a y s
audio_0_53	▁so ▁th is ▁i s ▁a ▁c olu m n ▁vector ▁th at ▁we ▁wi ll ▁ge t ▁f ro m ▁th is ▁o per ation
audio_0_1	▁in ▁the ▁ pre v i ou s ▁l ec t u re ▁we ▁discuss ed ▁the ▁form ▁o f ▁a ▁ge n er al ▁pro j ec t ▁o f ▁c ame ra
audio_0_49	▁so ▁we ▁wi ll ▁ per f o r m ▁th is ▁c ro s s ▁pro d u ct ▁a nd ▁i f ▁we ▁ per f o r m ▁th is ▁c ro s s ▁pro d u ct ▁the n ▁we ▁can ▁w ri te ▁th is ▁no ▁we ▁can ▁ der ive ▁th is ▁equations ▁so ▁ le t ▁me ▁fi nd ▁out ▁ le t ▁me ▁see ▁th at ▁h ow ▁th is ▁represent ation ▁i s ▁p o s s i b le ▁so ▁ le t ▁u s ▁c on s i der ▁a ▁represent ation ▁o f ▁the ▁projecti on ▁matrix ▁in ▁th is ▁form ▁wh i ch ▁me ans ▁i ▁wi ll ▁be ▁c on s i der ing ▁in ▁n ow ▁i ▁wi ll ▁be ▁c on s i der ing ▁the ▁r ow ▁vector s ▁in st ea d ▁o f ▁c olu m n ▁vector ▁represent ation s ▁a nd ▁b ec a u se ▁the re ▁a re ▁th re e ▁r ow s ▁so ▁we ▁ha ve ▁h ere ▁see ▁fi rst ▁r ow ▁i s ▁represent ed ▁b y ▁r 1 ▁s ec ond ▁r ow ▁i s ▁represent ed ▁b y ▁r 2 ▁a nd ▁thi rd ▁r ow ▁i s ▁represent ed ▁b y ▁r 3 ▁i ▁ha ve ▁a pp li ed ▁i ▁ha ve ▁u s ed ▁the ▁trans pose ▁o per ation s ▁ just ▁to ▁de n o te ▁th at ▁in ▁m y ▁a ct u al ▁represent ation ▁the se ▁a re ▁a ll ▁c olu m n ▁vector s ▁b ut ▁si nce ▁the y ▁a re ▁r ow s ▁so ▁i ▁ha ve ▁to ▁a pp l y ▁trans pose ▁to ▁th ose ▁c olu m n ▁vector s
audio_0_80	▁so ▁th ose ▁equations
audio_0_34	▁so ▁th is ▁i s ▁h ow ▁the se ▁equations ▁a re ▁w ri t t en ▁a s ▁i ▁me n tion ed ▁in ▁the ▁ pre v i ou s ▁s li d e
audio_0_7	▁a nd ▁the n ▁the ▁trans l ation ▁o f ▁the ▁o ri g in ▁th at ▁i s ▁al so ▁no ▁th at ▁i s ▁al so ▁represent ed ▁b y ▁th is ▁par ame ter ▁a nd ▁in ▁f a ct ▁th is ▁i s ▁the ▁cent er ▁o f ▁the ▁c ame ra ▁cent er ▁th is ▁i s ▁al so ▁sho w n ▁h ere ▁so ▁the se ▁a re ▁ d i f f er ent ▁ k i nd s ▁o f ▁no ▁in f o r m ation ▁wh i ch ▁i s ▁ em b ed d ed ▁in ▁th is ▁par t ic u lar ▁matrix ▁represent ation ▁y ou ▁sho u ld ▁not e ▁the ▁f e at u re ▁o f ▁a ▁c ame ra ▁ca li b ration ▁matrix
audio_0_91	▁so ▁we ▁wi ll ▁represent ▁the ▁correspond ing ▁matrix ▁a s ▁a ▁th is ▁matrix ▁i f ▁i ▁s ta c k ▁a ll ▁the se ▁r ow s ▁the n ▁we ▁c all ▁th is ▁matrix ▁a s ▁a ▁wh i ch ▁i s ▁o f ▁dimension ▁to ▁n ▁c ro s s ▁1 2
audio_0_83	▁so ▁in ▁th is ▁w a y ▁y ou ▁r equi re ▁s ix ▁su ch ▁point ▁correspondences ▁a nd ▁y ou ▁can ▁form ▁1 2 ▁equations ▁independent ▁equations ▁a nd ▁u se ▁it ▁to ▁ der ive ▁the ▁est ima te ▁the se ▁par ame ter s ▁o f ▁the ▁projecti on ▁matrix
audio_0_52	▁i f ▁i ▁not e ▁the ▁dimension ▁see ▁ ea ch ▁ one ▁i s ▁a ▁1 ▁c ro s s ▁3
audio_0_89	▁th at ▁sho u ld ▁be ▁the ▁dimension ▁o f ▁the ▁matrix
audio_0_8	▁it ▁can ▁be ▁sho w n ▁a s ▁a ▁c o m b in ation ▁o f ▁ d i f f er ent ▁t y p e s ▁o f ▁matrices
audio_0_13	▁so ▁m ▁out ▁o f ▁the m ▁the ▁fi rst ▁3 ▁c ro s s ▁3 ▁su b ▁matrix ▁th at ▁ le f t ▁ le f t ▁si d e ▁o f ▁ma tri m at r ix ▁wi th ▁3 ▁c ro s s ▁3 ▁su b ▁matrix ▁i s ▁de n o t ed ▁b y ▁a ▁s y m b o l ▁s a y ▁m ▁a nd ▁the ▁f ou r th ▁c olu m n ▁vector ▁th at ▁me ans ▁th is ▁i s ▁a ▁3 ▁c ro s s ▁1 ▁c olu m n ▁vector ▁th at ▁i s ▁al so ▁de n o t ed ▁b y ▁p ▁ 4 ▁so ▁th is ▁represent ation ▁i s ▁m ▁a nd ▁th is ▁ se p a ration ▁ just ▁sho w ▁th at ▁th is ▁i s ▁a ▁su b ▁matrix ▁a nd ▁th is ▁i s ▁p 4
audio_0_59	▁so ▁it ▁wi ll ▁be ▁w 1 ▁x i ▁trans pose ▁r 2 ▁m inu s ▁y ▁i ▁x i ▁trans pose ▁r 3
audio_0_88	▁so ▁y ou ▁wi ll ▁ge t ▁in ▁th is ▁ca se ▁the ▁to t al ▁dimension ▁h ere ▁n um b er ▁o f ▁c olu m n ▁i s ▁ e q u al ▁to ▁1 2 ▁a nd ▁th is ▁th is ▁w a s ▁t wo ▁r ow s ▁for ▁ e nd ▁point ▁correspondences
audio_0_17	▁so ▁th is ▁i s ▁h ow ▁we ▁can ▁represent ▁a ▁projecti on ▁matrix ▁wi th ▁the se ▁not ation s
audio_0_54	▁so ▁we ▁can n o t ▁si m p l y ▁equat e ▁the ▁sc ale s ▁o f ▁th is ▁a nd ▁th is
audio_0_50	▁so ▁ le t ▁me ▁c on t inu e ▁th is ▁o per ation ▁f u r ther
audio_0_58	▁so ▁it ▁wi ll ▁be ▁w 1 ▁x i ▁trans pose ▁r 2 ▁m inu s ▁y ▁i ▁x i ▁trans pose ▁r 3
audio_0_48	▁so ▁th is ▁i s ▁the ▁fi rst ▁ compo n ent ▁a nd ▁o ther ▁ compo n ent s ▁a nd ▁the n ▁th at ▁i s ▁ e q u al ▁to ▁ 0 ▁ 0
audio_0_21	▁it ▁ge t s ▁al i g n ed ▁wi th ▁the ▁c ame ra ▁cent r ic ▁coordinate ▁s y st em
audio_0_99	▁so ▁the ▁s ta nd a rd ▁t e ch n i q u e ▁i s ▁th at ▁we ▁n e ed ▁to ▁m in i m i z e ▁th is ▁o b j ec t ive ▁f u n c tion ▁give n ▁the ▁it ▁i s ▁a ▁no r m ▁o f ▁a ▁p ▁a ▁i s ▁th is ▁correspond ing ▁matrix ▁a ▁i s ▁the ▁s ame ▁matrix ▁wh i ch ▁i s ▁ der ive d ▁f ro m ▁the ▁point ▁correspondences ▁a nd ▁p ▁i s ▁y ou r ▁s olu tion ▁th at ▁me ans ▁the ▁element s ▁o f ▁the ▁projecti on ▁matrix ▁wh i ch ▁i s ▁represent ed ▁in ▁the ▁form ▁o f ▁th is ▁th at ▁me ans ▁a ll ▁r ow ▁vector s ▁a re ▁c on c at en at ed ▁ one ▁b y ▁ one ▁f ro m ▁the ▁s ta r t ing ▁f ro m ▁its ▁fi rst ▁r ow ▁to ▁thi rd ▁r ow ▁a nd ▁th at ▁give s ▁a ▁1 2 ▁dimension al ▁vector ▁so ▁we ▁ha ve ▁to ▁m in i m i z e ▁th is ▁no r m ▁a nd ▁si nce ▁no ▁th is ▁s olu tion ▁i s ▁in ▁the ▁projecti ve ▁space ▁a nd ▁i f ▁i ▁t a k e ▁a ▁sc al ed ▁vector ▁al so ▁it ▁i s ▁al so ▁the ▁s olu tion
audio_0_87	▁ ea ch ▁ one ▁i s ▁1 ▁c ro s s ▁ 4 ▁su b ▁matrix ▁b ec a u se ▁n um b er ▁o f ▁element s ▁h ere ▁si nce ▁it ▁i s ▁a ▁projecti on ▁matrix ▁n um b er ▁o f ▁element s ▁i s ▁1 2 ▁c ro s s ▁1
audio_0_20	▁so ▁i f ▁i ▁a pp l y ▁the ▁ k ▁in ve r se ▁x ▁th at ▁me ans ▁i f ▁i ▁multipl y ▁the ▁ ima ge ▁coordinate ▁wi th ▁th is ▁in ve r se ▁o f ▁ca li b ration ▁matrix ▁it ▁wi ll ▁pro v i d e ▁y ou ▁the ▁correspond ing ▁coordinate ▁in ▁the ▁can on ic al ▁form ▁wh i ch ▁me ans ▁no ▁the ▁ ima ge ▁coordinate ▁in ▁the ▁can on ic al ▁form ▁wh ere ▁the ▁f o c al ▁p l a n e ▁i s ▁ at ▁the ▁u n i t ▁ d is ta nce ▁a nd ▁its ▁a x is ▁a re ▁par all e l ▁to ▁the ▁a x is ▁o f ▁the ▁c ame ra ▁cent r ic ▁coordinate ▁s y st em
audio_0_71	▁so ▁it ▁wi ll ▁be ▁w 1 ▁x i ▁trans pose ▁r 2 ▁m inu s ▁y ▁i ▁x i ▁trans pose ▁r 3
